{
  "model": "efficientnet_b3",
  "num_classes": 124,
  "image_size": 252,
  "total_epochs_trained": 25,
  "best_epoch": 24,
  "best_val_top1": 87.1889400921659,
  "best_val_top5": 96.95852534562212,
  "train_results": {
    "total": 34720,
    "top1_acc": 99.7407853603363,
    "top5_acc": 100.0,
    "accuracy": 99.74078341013825,
    "f1_macro": 99.74067583256733,
    "f1_weighted": 99.74067583256733,
    "precision_macro": 99.74210442353552,
    "precision_weighted": 99.74210442353552,
    "recall_macro": 99.74078341013826,
    "recall_weighted": 99.74078341013825,
    "top1_conf80_count": 20670,
    "top1_conf80_percent": 59.53341013824884,
    "top5_conf50_count": 33896,
    "top5_conf50_percent": 97.62672811059907
  },
  "val_results": {
    "total": 4340,
    "top1_acc": 87.18894124031067,
    "top5_acc": 96.95852398872375,
    "accuracy": 87.18894009216591,
    "f1_macro": 87.13051117325028,
    "f1_weighted": 87.13051117325027,
    "precision_macro": 87.52112416067942,
    "precision_weighted": 87.52112416067942,
    "recall_macro": 87.18894009216591,
    "recall_weighted": 87.18894009216591,
    "top1_conf80_count": 1435,
    "top1_conf80_percent": 33.064516129032256,
    "top5_conf50_count": 3277,
    "top5_conf50_percent": 75.50691244239631
  },
  "test_results": {
    "total": 4340,
    "top1_acc": 87.60368824005127,
    "top5_acc": 96.95852398872375,
    "accuracy": 87.6036866359447,
    "f1_macro": 87.46886549935421,
    "f1_weighted": 87.46886549935421,
    "precision_macro": 87.81553484436974,
    "precision_weighted": 87.81553484436971,
    "recall_macro": 87.60368663594471,
    "recall_weighted": 87.6036866359447,
    "top1_conf80_count": 1481,
    "top1_conf80_percent": 34.124423963133644,
    "top5_conf50_count": 3320,
    "top5_conf50_percent": 76.49769585253456
  },
  "files": {
    "best_model": "d:\\VSC FILES\\testtrain\\runs\\efficientnet_b3_optimized-20251021-115920\\best_efficientnet_b3.pth",
    "onnx_model": "d:\\VSC FILES\\testtrain\\runs\\efficientnet_b3_optimized-20251021-115920\\model.onnx",
    "class_names": "d:\\VSC FILES\\testtrain\\runs\\efficientnet_b3_optimized-20251021-115920\\class_names.json",
    "training_curves": "d:\\VSC FILES\\testtrain\\runs\\efficientnet_b3_optimized-20251021-115920\\training_curves.png",
    "per_class_accuracy": "d:\\VSC FILES\\testtrain\\runs\\efficientnet_b3_optimized-20251021-115920\\per_class_accuracy.json",
    "per_class_metrics": "d:\\VSC FILES\\testtrain\\runs\\efficientnet_b3_optimized-20251021-115920\\per_class_metrics.json",
    "classification_report": "d:\\VSC FILES\\testtrain\\runs\\efficientnet_b3_optimized-20251021-115920\\classification_report.txt",
    "confusion_matrix": "d:\\VSC FILES\\testtrain\\runs\\efficientnet_b3_optimized-20251021-115920\\confusion_matrix.png"
  }
}