{
  "model": "efficientnet_b3",
  "num_classes": 124,
  "image_size": 252,
  "total_epochs_trained": 17,
  "best_epoch": 17,
  "best_val_top1": 85.89861751152074,
  "best_val_top5": 96.93548387096774,
  "train_results": {
    "total": 34720,
    "top1_acc": 99.6601402759552,
    "top5_acc": 99.99135732650757,
    "accuracy": 99.66013824884793,
    "f1_macro": 99.65982418562686,
    "f1_weighted": 99.65982418562685,
    "precision_macro": 99.66566500193423,
    "precision_weighted": 99.66566500193424,
    "recall_macro": 99.66013824884791,
    "recall_weighted": 99.66013824884793,
    "top1_conf80_count": 34210,
    "top1_conf80_percent": 98.5311059907834,
    "top5_conf50_count": 34579,
    "top5_conf50_percent": 99.59389400921658
  },
  "val_results": {
    "total": 4340,
    "top1_acc": 85.89861989021301,
    "top5_acc": 96.93548679351807,
    "accuracy": 85.89861751152074,
    "f1_macro": 85.84480096902234,
    "f1_weighted": 85.84480096902233,
    "precision_macro": 86.30853436188355,
    "precision_weighted": 86.30853436188357,
    "recall_macro": 85.89861751152074,
    "recall_weighted": 85.89861751152074,
    "top1_conf80_count": 3554,
    "top1_conf80_percent": 81.88940092165899,
    "top5_conf50_count": 3657,
    "top5_conf50_percent": 84.26267281105991
  },
  "test_results": {
    "total": 4340,
    "top1_acc": 86.86636090278625,
    "top5_acc": 97.30414748191833,
    "accuracy": 86.8663594470046,
    "f1_macro": 86.76205408620619,
    "f1_weighted": 86.76205408620619,
    "precision_macro": 87.0904595989173,
    "precision_weighted": 87.09045959891729,
    "recall_macro": 86.86635944700463,
    "recall_weighted": 86.8663594470046,
    "top1_conf80_count": 3581,
    "top1_conf80_percent": 82.51152073732719,
    "top5_conf50_count": 3692,
    "top5_conf50_percent": 85.06912442396313
  },
  "files": {
    "best_model": "d:\\VSC FILES\\testtrain\\runs\\efficientnet_b3_baseline-20251030-102332\\best_efficientnet_b3.pth",
    "onnx_model": "d:\\VSC FILES\\testtrain\\runs\\efficientnet_b3_baseline-20251030-102332\\model.onnx",
    "class_names": "d:\\VSC FILES\\testtrain\\runs\\efficientnet_b3_baseline-20251030-102332\\class_names.json",
    "training_curves": "d:\\VSC FILES\\testtrain\\runs\\efficientnet_b3_baseline-20251030-102332\\training_curves.png",
    "per_class_accuracy": "d:\\VSC FILES\\testtrain\\runs\\efficientnet_b3_baseline-20251030-102332\\per_class_accuracy.json",
    "per_class_metrics": "d:\\VSC FILES\\testtrain\\runs\\efficientnet_b3_baseline-20251030-102332\\per_class_metrics.json",
    "classification_report": "d:\\VSC FILES\\testtrain\\runs\\efficientnet_b3_baseline-20251030-102332\\classification_report.txt",
    "confusion_matrix": "d:\\VSC FILES\\testtrain\\runs\\efficientnet_b3_baseline-20251030-102332\\confusion_matrix.png"
  }
}